uuid,metasub_name,core_project,project,city,city_code,latitude,longitude,surface_material,control_type,elevation,line,station,surface,temperature,traffic,setting,num_reads,library_post_PCR_Qubit,library_QC_concentration,city_latitude,city_longitude,coastal_city,city_total_population,city_population_density,city_land_area_km2,city_ave_june_temp_c,city_elevation_meters,continent,city_koppen_climate,barcode,ha_id,hudson_alpha_flowcell,hudson_alpha_project,index_sequence,location_type,hudson_alpha_uid,other_project_uid,plate_number,plate_pos,sample_type,sl_name
haib17CEM4890_H2NYMCCXY_SL254769,CSD16-OFA-050,core,CSD16,offa,OFA,8.1548483,4.7263633,wood,NA,NA,NA,,,NA,NA,NA,24759619,302.8,3.4,8,4,no,90000,NA,NA,NA,NA,sub_saharan_africa,tropical_savanna_climate,NA,4890-CEM-0097,H2NYMCCXY,haib17CEM4890,GCGTTTG,NA,haib17CEM4890_H2NYMCCXY_SL254769,NA,NA,NA,environmental_microbiome,SL254769
haib17CEM4890_H2NYMCCXY_SL254770,CSD16-OFA-058,core,CSD16,offa,OFA,8.15485,4.726465,wood,NA,NA,NA,,,NA,NA,NA,29212709,238.7,4.16,8,4,no,90000,NA,NA,NA,NA,sub_saharan_africa,tropical_savanna_climate,NA,4890-CEM-0098,H2NYMCCXY,haib17CEM4890,GGCTCAT,NA,haib17CEM4890_H2NYMCCXY_SL254770,NA,NA,NA,environmental_microbiome,SL254770
haib17CEM4890_H2NYMCCXY_SL254771,CSD16-OFA-066,core,CSD16,offa,OFA,8.1549916,4.7264916,rubber,NA,NA,NA,,,NA,NA,NA,26851260,225.8,4.2,8,4,no,90000,NA,NA,NA,NA,sub_saharan_africa,tropical_savanna_climate,NA,4890-CEM-0099,H2NYMCCXY,haib17CEM4890,CGGATTC,NA,haib17CEM4890_H2NYMCCXY_SL254771,NA,NA,NA,environmental_microbiome,SL254771
haib17CEM4890_H2NYMCCXY_SL254772,CSD16-OFA-074,core,CSD16,offa,OFA,8.1561445,4.7247807,metal,NA,NA,NA,,,NA,NA,NA,27529049,161.6,4.92,8,4,no,90000,NA,NA,NA,NA,sub_saharan_africa,tropical_savanna_climate,NA,4890-CEM-0100,H2NYMCCXY,haib17CEM4890,TAACGCC,NA,haib17CEM4890_H2NYMCCXY_SL254772,NA,NA,NA,environmental_microbiome,SL254772
haib17CEM4890_H2NYMCCXY_SL254773,CSD16-NYC-0920,core,CSD16,new_york_city,NYC,40.71317513,-74.00339127,metal,NA,NA,NA,,kiosk,NA,NA,NA,17224094,340.8,0.27,40.71427,-74.00597,yes,8622698,11000,783.84,23.3,10,north_america,humid_subtropical_climate,NA,4890-CEM-0101,H2NYMCCXY,haib17CEM4890,TTGAGCC,NA,haib17CEM4890_H2NYMCCXY_SL254773,NA,NA,NA,environmental_microbiome,SL254773
haib17CEM4890_H2NYMCCXY_SL254774,CSD16-NYC-0939,core,CSD16,new_york_city,NYC,40.71427,-74.00597,,NA,NA,NA,,,NA,NA,NA,13042332,97,0.06,40.71427,-74.00597,yes,8622698,11000,783.84,23.3,10,north_america,humid_subtropical_climate,NA,4890-CEM-0102,H2NYMCCXY,haib17CEM4890,AGCGTGA,NA,haib17CEM4890_H2NYMCCXY_SL254774,NA,NA,NA,environmental_microbiome,SL254774
haib17CEM4890_H2NYMCCXY_SL254775,CSD16-NYC-1034,core,CSD16,new_york_city,NYC,40.71427,-74.00597,,NA,NA,NA,,,NA,NA,NA,19684314,62.1,0.04,40.71427,-74.00597,yes,8622698,11000,783.84,23.3,10,north_america,humid_subtropical_climate,NA,4890-CEM-0103,H2NYMCCXY,haib17CEM4890,AACGCAG,NA,haib17CEM4890_H2NYMCCXY_SL254775,NA,NA,NA,environmental_microbiome,SL254775
haib17CEM4890_H2NYMCCXY_SL254776,OLY-DCT-2-D-080816,not_core,OLYMPIOME,rio_de_janeiro,RIO,-22.87919891,-43.27205217,,NA,NA,NA,nova am谷rica del castilho station,station eletronic kiosk,NA,NA,NA,22647876,130.3,0.12,-22.90278,-43.2075,yes,6688930,2705,1221,22.8,5,south_america,tropical_savanna_climate,NA,4890-CEM-0104,H2NYMCCXY,haib17CEM4890,CCTAAGC,NA,haib17CEM4890_H2NYMCCXY_SL254776,NA,NA,NA,environmental_microbiome,SL254776
haib17CEM4890_H2NYMCCXY_SL254777,OLY-SPN-1-D-080816,not_core,OLYMPIOME,rio_de_janeiro,RIO,-22.92405632,-43.23247709,,NA,NA,NA,saens pe?a station,station railing,NA,NA,NA,20807982,49.6,0.04,-22.90278,-43.2075,yes,6688930,2705,1221,22.8,5,south_america,tropical_savanna_climate,NA,4890-CEM-0105,H2NYMCCXY,haib17CEM4890,CTACCCT,NA,haib17CEM4890_H2NYMCCXY_SL254777,NA,NA,NA,environmental_microbiome,SL254777
haib17CEM4890_H2NYMCCXY_SL254778,OLY-CTR-3-D-102016,not_core,OLYMPIOME,rio_de_janeiro,RIO,-22.90501773,-43.19094441,,NA,NA,NA,central station,station seat,NA,NA,NA,24711700,157.4,0.15,-22.90278,-43.2075,yes,6688930,2705,1221,22.8,5,south_america,tropical_savanna_climate,NA,4890-CEM-0106,H2NYMCCXY,haib17CEM4890,GCTCGTA,NA,haib17CEM4890_H2NYMCCXY_SL254778,NA,NA,NA,environmental_microbiome,SL254778
haib17CEM4890_H2NYMCCXY_SL254779,OLY-SPN-1-D-102016,not_core,OLYMPIOME,rio_de_janeiro,RIO,-22.92405632,-43.23247709,,NA,NA,NA,saens pe?a station,station railing,NA,NA,NA,22684262,143.1,0.06,-22.90278,-43.2075,yes,6688930,2705,1221,22.8,5,south_america,tropical_savanna_climate,NA,4890-CEM-0107,H2NYMCCXY,haib17CEM4890,ACGCAGA,NA,haib17CEM4890_H2NYMCCXY_SL254779,NA,NA,NA,environmental_microbiome,SL254779
haib17CEM4890_H2NYMCCXY_SL254780,CSD16-FAI-0149,core,CSD16,fairbanks,FAI,64.83778,-147.71639,wood,NA,NA,NA,,wood_bench,NA,NA,NA,19943865,254.1,2.05,64.83778,-147.71639,no,51926,388,82,23.3,136,north_america,continental_subarctic_climate,NA,4890-CEM-0108,H2NYMCCXY,haib17CEM4890,CGGTAAG,NA,haib17CEM4890_H2NYMCCXY_SL254780,NA,NA,NA,environmental_microbiome,SL254780
haib17CEM4890_H2NYMCCXY_SL254781,CSD16-OFA-051,core,CSD16,offa,OFA,8.1548316,4.7264349,metal,NA,NA,NA,,,NA,NA,NA,45913255,325.2,1.34,8,4,no,90000,NA,NA,NA,NA,sub_saharan_africa,tropical_savanna_climate,NA,4890-CEM-0109,H2NYMCCXY,haib17CEM4890,TACTCCC,NA,haib17CEM4890_H2NYMCCXY_SL254781,NA,NA,NA,environmental_microbiome,SL254781
haib17CEM4890_H2NYMCCXY_SL254782,CSD16-OFA-059,core,CSD16,offa,OFA,8.154855,4.7263683,wood,NA,NA,NA,,,NA,NA,NA,40841192,146.6,4.61,8,4,no,90000,NA,NA,NA,NA,sub_saharan_africa,tropical_savanna_climate,NA,4890-CEM-0110,H2NYMCCXY,haib17CEM4890,CCCAAGT,NA,haib17CEM4890_H2NYMCCXY_SL254782,NA,NA,NA,environmental_microbiome,SL254782
haib17CEM4890_H2NYMCCXY_SL254783,CSD16-OFA-067,core,CSD16,offa,OFA,8.1556609,4.7244244,wood,NA,NA,NA,,,NA,NA,NA,39916805,110.9,5.69,8,4,no,90000,NA,NA,NA,NA,sub_saharan_africa,tropical_savanna_climate,NA,4890-CEM-0111,H2NYMCCXY,haib17CEM4890,CAAACCC,NA,haib17CEM4890_H2NYMCCXY_SL254783,NA,NA,NA,environmental_microbiome,SL254783
haib17CEM4890_H2NYMCCXY_SL254784,CSD16-OFA-075,core,CSD16,offa,OFA,8.1561445,4.7247807,,NA,NA,NA,,,NA,NA,NA,53253013,287.3,3.09,8,4,no,90000,NA,NA,NA,NA,sub_saharan_africa,tropical_savanna_climate,NA,4890-CEM-0112,H2NYMCCXY,haib17CEM4890,GGACTGA,NA,haib17CEM4890_H2NYMCCXY_SL254784,NA,NA,NA,environmental_microbiome,SL254784
haib17CEM4890_H2NYMCCXY_SL254785,CSD16-NYC-0923,core,CSD16,new_york_city,NYC,40.70670433,-74.01113774,metal,NA,NA,NA,,other,NA,NA,NA,17201082,166.9,0.14,40.71427,-74.00597,yes,8622698,11000,783.84,23.3,10,north_america,humid_subtropical_climate,NA,4890-CEM-0113,H2NYMCCXY,haib17CEM4890,ACCTCGA,NA,haib17CEM4890_H2NYMCCXY_SL254785,NA,NA,NA,environmental_microbiome,SL254785
haib17CEM4890_H2NYMCCXY_SL254786,CSD16-NYC-0948,core,CSD16,new_york_city,NYC,40.67837333,-73.90403898,metal,NA,NA,NA,,kiosk,NA,NA,NA,34611323,44.6,0.05,40.71427,-74.00597,yes,8622698,11000,783.84,23.3,10,north_america,humid_subtropical_climate,NA,4890-CEM-0114,H2NYMCCXY,haib17CEM4890,CGCGATT,NA,haib17CEM4890_H2NYMCCXY_SL254786,NA,NA,NA,environmental_microbiome,SL254786
haib17CEM4890_H2NYMCCXY_SL254787,CSD16-NYC-1039,core,CSD16,new_york_city,NYC,40.71427,-74.00597,,NA,NA,NA,,,NA,NA,NA,37746813,143.4,0.11,40.71427,-74.00597,yes,8622698,11000,783.84,23.3,10,north_america,humid_subtropical_climate,NA,4890-CEM-0115,H2NYMCCXY,haib17CEM4890,ATGCGAG,NA,haib17CEM4890_H2NYMCCXY_SL254787,NA,NA,NA,environmental_microbiome,SL254787
haib17CEM4890_H2NYMCCXY_SL254788,OLY-DCT-3-D-080816,not_core,OLYMPIOME,rio_de_janeiro,RIO,-22.87919891,-43.27205217,,NA,NA,NA,nova am谷rica del castilho station,station seat,NA,NA,NA,46307563,25.6,0.04,-22.90278,-43.2075,yes,6688930,2705,1221,22.8,5,south_america,tropical_savanna_climate,NA,4890-CEM-0116,H2NYMCCXY,haib17CEM4890,CTACGTG,NA,haib17CEM4890_H2NYMCCXY_SL254788,NA,NA,NA,environmental_microbiome,SL254788
haib17CEM4890_H2NYMCCXY_SL254789,OLY-SPN-2-D-080816,not_core,OLYMPIOME,rio_de_janeiro,RIO,-22.92405632,-43.23247709,,NA,NA,NA,saens pe?a station,station eletronic kiosk,NA,NA,NA,24919793,198.7,0.19,-22.90278,-43.2075,yes,6688930,2705,1221,22.8,5,south_america,tropical_savanna_climate,NA,4890-CEM-0117,H2NYMCCXY,haib17CEM4890,AGTCGCT,NA,haib17CEM4890_H2NYMCCXY_SL254789,NA,NA,NA,environmental_microbiome,SL254789
haib17CEM4890_H2NYMCCXY_SL254790,OLY-DCT-2-D-102016,not_core,OLYMPIOME,rio_de_janeiro,RIO,-22.87919891,-43.27205217,,NA,NA,NA,nova am谷rica del castilho station,station eletronic kiosk,NA,NA,NA,51004188,na,na,-22.90278,-43.2075,yes,6688930,2705,1221,22.8,5,south_america,tropical_savanna_climate,NA,4890-CEM-0118,H2NYMCCXY,haib17CEM4890,GAGGTCA,NA,haib17CEM4890_H2NYMCCXY_SL254790,NA,NA,NA,environmental_microbiome,SL254790
haib17CEM4890_H2NYMCCXY_SL254791,OLY-SPN-2-D-102016,not_core,OLYMPIOME,rio_de_janeiro,RIO,-22.92405632,-43.23247709,,NA,NA,NA,saens pe?a station,station eletronic kiosk,NA,NA,NA,31395379,148.5,0.14,-22.90278,-43.2075,yes,6688930,2705,1221,22.8,5,south_america,tropical_savanna_climate,NA,4890-CEM-0119,H2NYMCCXY,haib17CEM4890,TTCGGTG,NA,haib17CEM4890_H2NYMCCXY_SL254791,NA,NA,NA,environmental_microbiome,SL254791
haib17CEM4890_H2NYMCCXY_SL254792,CSD16-FAI-0151,core,CSD16,fairbanks,FAI,64.83778,-147.71639,wood,NA,NA,NA,,wood_pillars,NA,NA,NA,75655610,98.4,10.52,64.83778,-147.71639,no,51926,388,82,23.3,136,north_america,continental_subarctic_climate,NA,4890-CEM-0120,H2NYMCCXY,haib17CEM4890,GCTGCAT,NA,haib17CEM4890_H2NYMCCXY_SL254792,NA,NA,NA,environmental_microbiome,SL254792
haib17CEM4890_H2NYMCCXY_SL254793,CSD16-OFA-052,core,CSD16,offa,OFA,8.1549316,4.7265016,wood,NA,NA,NA,,,NA,NA,NA,32068918,233.6,4.69,8,4,no,90000,NA,NA,NA,NA,sub_saharan_africa,tropical_savanna_climate,NA,4890-CEM-0121,H2NYMCCXY,haib17CEM4890,ACCACTG,NA,haib17CEM4890_H2NYMCCXY_SL254793,NA,NA,NA,environmental_microbiome,SL254793
haib17CEM4890_H2NYMCCXY_SL254794,CSD16-OFA-060,core,CSD16,offa,OFA,8,4,,NA,NA,NA,,,NA,NA,NA,57445075,130.6,5.89,8,4,no,90000,NA,NA,NA,NA,sub_saharan_africa,tropical_savanna_climate,NA,4890-CEM-0122,H2NYMCCXY,haib17CEM4890,GCAAGAC,NA,haib17CEM4890_H2NYMCCXY_SL254794,NA,NA,NA,environmental_microbiome,SL254794
haib17CEM4890_H2NYMCCXY_SL254795,CSD16-OFA-068,core,CSD16,offa,OFA,8.1561445,4.7247807,leather,NA,NA,NA,,,NA,NA,NA,66882479,117.5,7.65,8,4,no,90000,NA,NA,NA,NA,sub_saharan_africa,tropical_savanna_climate,NA,4890-CEM-0123,H2NYMCCXY,haib17CEM4890,GTATACA,NA,haib17CEM4890_H2NYMCCXY_SL254795,NA,NA,NA,environmental_microbiome,SL254795
haib17CEM4890_H2NYMCCXY_SL254796,CSD16-NYC-0902,core,CSD16,new_york_city,NYC,40.67953148,-73.90352726,metal,NA,NA,NA,,railing,NA,NA,NA,31448995,50.8,0.04,40.71427,-74.00597,yes,8622698,11000,783.84,23.3,10,north_america,humid_subtropical_climate,NA,4890-CEM-0124,H2NYMCCXY,haib17CEM4890,AGATCCC,NA,haib17CEM4890_H2NYMCCXY_SL254796,NA,NA,NA,environmental_microbiome,SL254796
haib17CEM4890_H2NYMCCXY_SL254797,CSD16-NYC-0924,core,CSD16,new_york_city,NYC,40.70645752,-74.0110302,metal,NA,NA,NA,,railing,NA,NA,NA,36385501,134.5,0.12,40.71427,-74.00597,yes,8622698,11000,783.84,23.3,10,north_america,humid_subtropical_climate,NA,4890-CEM-0125,H2NYMCCXY,haib17CEM4890,GCCGTAT,NA,haib17CEM4890_H2NYMCCXY_SL254797,NA,NA,NA,environmental_microbiome,SL254797
haib17CEM4890_H2NYMCCXY_SL254798,CSD16-NYC-0926,core,CSD16,new_york_city,NYC,40.70658765,-74.01115894,metal,NA,NA,NA,,other,NA,NA,NA,30189787,22.1,0.04,40.71427,-74.00597,yes,8622698,11000,783.84,23.3,10,north_america,humid_subtropical_climate,NA,4890-CEM-0126,H2NYMCCXY,haib17CEM4890,CATCCGA,NA,haib17CEM4890_H2NYMCCXY_SL254798,NA,NA,NA,environmental_microbiome,SL254798
haib17CEM4890_H2NYMCCXY_SL254799,CSD16-NYC-1056,core,CSD16,new_york_city,NYC,40.71427,-74.00597,,NA,NA,NA,,,NA,NA,NA,39377318,25.1,0.04,40.71427,-74.00597,yes,8622698,11000,783.84,23.3,10,north_america,humid_subtropical_climate,NA,4890-CEM-0127,H2NYMCCXY,haib17CEM4890,GTGAAGC,NA,haib17CEM4890_H2NYMCCXY_SL254799,NA,NA,NA,environmental_microbiome,SL254799
haib17CEM4890_H2NYMCCXY_SL254800,OLY-GOS-1-D-080816,not_core,OLYMPIOME,rio_de_janeiro,RIO,-22.98477935,-43.19790062,,NA,NA,NA,general os車rio station,station railing,NA,NA,NA,26025903,38.5,0.04,-22.90278,-43.2075,yes,6688930,2705,1221,22.8,5,south_america,tropical_savanna_climate,NA,4890-CEM-0128,H2NYMCCXY,haib17CEM4890,CAGTAGG,NA,haib17CEM4890_H2NYMCCXY_SL254800,NA,NA,NA,environmental_microbiome,SL254800
haib17CEM4890_H2NYMCCXY_SL254801,OLY-SPN-3-D-080816,not_core,OLYMPIOME,rio_de_janeiro,RIO,-22.92405632,-43.23247709,,NA,NA,NA,saens pe?a station,station seat,NA,NA,NA,22251972,100.8,0.06,-22.90278,-43.2075,yes,6688930,2705,1221,22.8,5,south_america,tropical_savanna_climate,NA,4890-CEM-0129,H2NYMCCXY,haib17CEM4890,TCGTGGT,NA,haib17CEM4890_H2NYMCCXY_SL254801,NA,NA,NA,environmental_microbiome,SL254801
haib17CEM4890_H2NYMCCXY_SL254802,OLY-GOS-1-D-102016,not_core,OLYMPIOME,rio_de_janeiro,RIO,-22.98477935,-43.19790062,,NA,NA,NA,general os車rio station,station railing,NA,NA,NA,28855669,64.7,0.06,-22.90278,-43.2075,yes,6688930,2705,1221,22.8,5,south_america,tropical_savanna_climate,NA,4890-CEM-0130,H2NYMCCXY,haib17CEM4890,TAGCACC,NA,haib17CEM4890_H2NYMCCXY_SL254802,NA,NA,NA,environmental_microbiome,SL254802
haib17CEM4890_H2NYMCCXY_SL254803,OLY-SPN-3-D-102016,not_core,OLYMPIOME,rio_de_janeiro,RIO,-22.92405632,-43.23247709,,NA,NA,NA,saens pe?a station,station seat,NA,NA,NA,14493354,18.4,0.03,-22.90278,-43.2075,yes,6688930,2705,1221,22.8,5,south_america,tropical_savanna_climate,NA,4890-CEM-0131,H2NYMCCXY,haib17CEM4890,AGCCTTG,NA,haib17CEM4890_H2NYMCCXY_SL254803,NA,NA,NA,environmental_microbiome,SL254803
haib17CEM4890_H2NYMCCXY_SL254804,CSD16-FAI-0154,core,CSD16,fairbanks,FAI,64.83778,-147.71639,wood,NA,NA,NA,,wood_pillars,NA,NA,NA,38444366,197.3,6.5,64.83778,-147.71639,no,51926,388,82,23.3,136,north_america,continental_subarctic_climate,NA,4890-CEM-0132,H2NYMCCXY,haib17CEM4890,TTCGCCT,NA,haib17CEM4890_H2NYMCCXY_SL254804,NA,NA,NA,environmental_microbiome,SL254804
haib17CEM4890_H2NYMCCXY_SL254805,CSD16-OFA-053,core,CSD16,offa,OFA,8.1548533,4.7265483,tile,NA,NA,NA,,,NA,NA,NA,33837863,422.9,5.48,8,4,no,90000,NA,NA,NA,NA,sub_saharan_africa,tropical_savanna_climate,NA,4890-CEM-0133,H2NYMCCXY,haib17CEM4890,CACCTGA,NA,haib17CEM4890_H2NYMCCXY_SL254805,NA,NA,NA,environmental_microbiome,SL254805
haib17CEM4890_H2NYMCCXY_SL254806,CSD16-OFA-061,core,CSD16,offa,OFA,8.154815,4.7265,other,NA,NA,NA,,,NA,NA,NA,47393736,201,6.42,8,4,no,90000,NA,NA,NA,NA,sub_saharan_africa,tropical_savanna_climate,NA,4890-CEM-0134,H2NYMCCXY,haib17CEM4890,ATGGACG,NA,haib17CEM4890_H2NYMCCXY_SL254806,NA,NA,NA,environmental_microbiome,SL254806
haib17CEM4890_H2NYMCCXY_SL254807,CSD16-OFA-069,core,CSD16,offa,OFA,8.1561445,4.7247807,plastic,NA,NA,NA,,,NA,NA,NA,27000749,275.8,1.98,8,4,no,90000,NA,NA,NA,NA,sub_saharan_africa,tropical_savanna_climate,NA,4890-CEM-0135,H2NYMCCXY,haib17CEM4890,TCTCGAG,NA,haib17CEM4890_H2NYMCCXY_SL254807,NA,NA,NA,environmental_microbiome,SL254807
haib17CEM4890_H2NYMCCXY_SL254808,CSD16-NYC-0906,core,CSD16,new_york_city,NYC,40.68595556,-73.9159707,metal,NA,NA,NA,,turnstile,NA,NA,NA,23076691,275.8,0.51,40.71427,-74.00597,yes,8622698,11000,783.84,23.3,10,north_america,humid_subtropical_climate,NA,4890-CEM-0136,H2NYMCCXY,haib17CEM4890,CACGACT,NA,haib17CEM4890_H2NYMCCXY_SL254808,NA,NA,NA,environmental_microbiome,SL254808
haib17CEM4890_H2NYMCCXY_SL254809,CSD16-NYC-0929,core,CSD16,new_york_city,NYC,40.71431364,-74.00315523,metal,NA,NA,NA,,railing,NA,NA,NA,24482226,44.8,0.04,40.71427,-74.00597,yes,8622698,11000,783.84,23.3,10,north_america,humid_subtropical_climate,NA,4890-CEM-0137,H2NYMCCXY,haib17CEM4890,TCTGCTC,NA,haib17CEM4890_H2NYMCCXY_SL254809,NA,NA,NA,environmental_microbiome,SL254809
haib17CEM4890_H2NYMCCXY_SL254810,CSD16-NYC-1010,core,CSD16,new_york_city,NYC,40.71427,-74.00597,,NA,NA,NA,,,NA,NA,NA,20124237,159.8,0.09,40.71427,-74.00597,yes,8622698,11000,783.84,23.3,10,north_america,humid_subtropical_climate,NA,4890-CEM-0138,H2NYMCCXY,haib17CEM4890,GGCATCT,NA,haib17CEM4890_H2NYMCCXY_SL254810,NA,NA,NA,environmental_microbiome,SL254810
haib17CEM4890_H2NYMCCXY_SL254811,CSD16-NYC-1063,core,CSD16,new_york_city,NYC,40.71427,-74.00597,,NA,NA,NA,,,NA,NA,NA,24755713,284.8,0.57,40.71427,-74.00597,yes,8622698,11000,783.84,23.3,10,north_america,humid_subtropical_climate,NA,4890-CEM-0139,H2NYMCCXY,haib17CEM4890,GTGAGGT,NA,haib17CEM4890_H2NYMCCXY_SL254811,NA,NA,NA,environmental_microbiome,SL254811
haib17CEM4890_H2NYMCCXY_SL254812,OLY-GOS-2-D-080816,not_core,OLYMPIOME,rio_de_janeiro,RIO,-22.98477935,-43.19790062,,NA,NA,NA,general os車rio station,station eletronic kiosk,NA,NA,NA,20928443,275.8,0.15,-22.90278,-43.2075,yes,6688930,2705,1221,22.8,5,south_america,tropical_savanna_climate,NA,4890-CEM-0140,H2NYMCCXY,haib17CEM4890,TGGCATC,NA,haib17CEM4890_H2NYMCCXY_SL254812,NA,NA,NA,environmental_microbiome,SL254812
haib17CEM4890_H2NYMCCXY_SL254813,OLY-VCV-1-D-080816,not_core,OLYMPIOME,rio_de_janeiro,RIO,-22.85404892,-43.31313551,,NA,NA,NA,vicente de carvalho station,station railing,NA,NA,NA,18831800,82.8,0.05,-22.90278,-43.2075,yes,6688930,2705,1221,22.8,5,south_america,tropical_savanna_climate,NA,4890-CEM-0141,H2NYMCCXY,haib17CEM4890,AGAAGGG,NA,haib17CEM4890_H2NYMCCXY_SL254813,NA,NA,NA,environmental_microbiome,SL254813
haib17CEM4890_H2NYMCCXY_SL254814,OLY-GOS-2-D-102016,not_core,OLYMPIOME,rio_de_janeiro,RIO,-22.98477935,-43.19790062,,NA,NA,NA,general os車rio station,station eletronic kiosk,NA,NA,NA,27640047,288.3,0.82,-22.90278,-43.2075,yes,6688930,2705,1221,22.8,5,south_america,tropical_savanna_climate,NA,4890-CEM-0142,H2NYMCCXY,haib17CEM4890,CCAGGAA,NA,haib17CEM4890_H2NYMCCXY_SL254814,NA,NA,NA,environmental_microbiome,SL254814
haib17CEM4890_H2NYMCCXY_SL254815,OLY-VCV-1-D-102016,not_core,OLYMPIOME,rio_de_janeiro,RIO,-22.85404892,-43.31313551,,NA,NA,NA,vicente de carvalho station,station railing,NA,NA,NA,25659057,265.5,1,-22.90278,-43.2075,yes,6688930,2705,1221,22.8,5,south_america,tropical_savanna_climate,NA,4890-CEM-0143,H2NYMCCXY,haib17CEM4890,GTGTCCA,NA,haib17CEM4890_H2NYMCCXY_SL254815,NA,NA,NA,environmental_microbiome,SL254815
haib17CEM4890_H2NYMCCXY_SL254817,CSD16-OFA-054,core,CSD16,offa,OFA,8.1548483,4.7265083,glass,NA,NA,NA,,,NA,NA,NA,43614712,193.5,7.25,8,4,no,90000,NA,NA,NA,NA,sub_saharan_africa,tropical_savanna_climate,NA,4890-CEM-0145,H2NYMCCXY,haib17CEM4890,TGGGAGT,NA,haib17CEM4890_H2NYMCCXY_SL254817,NA,NA,NA,environmental_microbiome,SL254817
haib17CEM4890_H2NYMCCXY_SL254818,CSD16-OFA-062,core,CSD16,offa,OFA,8.154885,4.7264683,rubber,NA,NA,NA,,,NA,NA,NA,64041103,113.3,6.26,8,4,no,90000,NA,NA,NA,NA,sub_saharan_africa,tropical_savanna_climate,NA,4890-CEM-0146,H2NYMCCXY,haib17CEM4890,ACGGGTA,NA,haib17CEM4890_H2NYMCCXY_SL254818,NA,NA,NA,environmental_microbiome,SL254818
haib17CEM4890_H2NYMCCXY_SL254819,CSD16-OFA-070,core,CSD16,offa,OFA,8.1561445,4.7247807,metal,NA,NA,NA,,,NA,NA,NA,47453987,128.9,7.83,8,4,no,90000,NA,NA,NA,NA,sub_saharan_africa,tropical_savanna_climate,NA,4890-CEM-0147,H2NYMCCXY,haib17CEM4890,GCATGCT,NA,haib17CEM4890_H2NYMCCXY_SL254819,NA,NA,NA,environmental_microbiome,SL254819
